{
  "rounds": [
    1,
    2,
    4,
    5,
    6,
    7,
    8,
    9,
    10,
    11,
    12,
    13,
    14,
    15,
    17,
    18,
    19,
    20,
    21,
    22,
    23,
    24,
    25,
    26,
    27,
    29,
    30,
    31,
    32,
    33,
    34,
    35,
    36,
    37,
    38,
    39,
    40,
    41,
    42,
    43,
    44,
    45,
    46,
    47,
    48,
    49,
    50,
    51,
    52,
    53,
    54,
    55,
    56,
    57,
    60,
    61,
    62,
    63,
    64,
    65,
    66,
    67,
    69,
    70,
    71,
    72,
    73,
    75,
    76,
    78,
    80,
    83,
    84,
    86,
    87,
    88,
    89,
    90,
    91,
    92,
    95,
    96,
    97,
    99,
    100,
    101,
    102,
    103,
    104,
    105,
    106,
    108,
    109,
    110,
    111,
    112,
    113,
    114,
    115,
    117,
    118,
    120,
    121,
    122,
    123,
    125,
    126,
    127,
    128,
    129,
    130,
    132,
    133,
    134,
    135,
    136,
    137,
    138,
    140,
    141,
    142,
    143,
    144,
    145,
    147,
    148,
    150,
    151,
    152,
    153,
    154,
    155,
    156,
    159,
    160,
    161,
    162,
    163,
    164,
    165,
    166,
    167,
    168,
    170,
    171,
    172,
    173,
    174,
    175,
    176,
    177,
    178,
    179,
    180,
    181,
    182,
    183,
    184,
    185,
    186,
    188,
    189,
    190,
    192,
    194,
    196,
    198,
    199,
    200
  ],
  "mean_similarity": [
    0.4382605241390423,
    0.5218049344373813,
    0.5369825896859531,
    0.3620599933509937,
    0.5234589810726323,
    0.3602581998737658,
    0.46118717038629464,
    0.49492839252216053,
    0.5029921640030693,
    0.41103748447152316,
    0.40085392398541114,
    0.5574018633230127,
    0.5719590102848063,
    0.5679214425685293,
    0.5888845195229673,
    0.5539948066758065,
    0.6192493611699641,
    0.4902143309970744,
    0.42787465957235654,
    0.39833499415618456,
    0.530356701465076,
    0.5265308391852533,
    0.5548081909269921,
    0.7601788674790002,
    0.5013206738057098,
    0.7007250779615759,
    0.5217859604002654,
    0.7638053043992612,
    0.44257564070259353,
    0.5405794370255727,
    0.5779876074515513,
    0.5668004135502035,
    0.4963175985896207,
    0.5076674827400993,
    0.5989102699911025,
    0.5392949987431196,
    0.5342327716373321,
    0.5725004340652902,
    0.5896362773805217,
    0.5168588913141533,
    0.5001485238918356,
    0.4374512623418537,
    0.707410331132457,
    0.5210175708446686,
    0.511963206519203,
    0.510747885603479,
    0.6643503606266526,
    0.5948196565969023,
    0.6659551666610383,
    0.6960385923312032,
    0.6944681424142832,
    0.43880494563105304,
    0.3865125694916713,
    0.5620674661676087,
    0.6384160059053895,
    0.5838855382040083,
    0.49834123281280934,
    0.6991314159651216,
    0.5359789967984058,
    0.5661380243158308,
    0.5576994705916836,
    0.6374167428136001,
    0.740928732944046,
    0.6454001034184227,
    0.6108721185171996,
    1.0,
    0.5760884857729834,
    0.49855342191602975,
    0.551323066120028,
    0.6193104609311316,
    0.7028683522601257,
    0.638356640417879,
    0.5733829611295772,
    0.6068168847147632,
    1.0,
    0.6696060214375409,
    0.7945520143545973,
    1.0,
    0.7085638276485042,
    0.5606867254449708,
    0.5937414954548398,
    1.0,
    0.670202789627898,
    0.6794673333159801,
    0.6650842666667907,
    0.6967163344138809,
    0.6749962079333837,
    0.7261475700810717,
    0.5376356450883285,
    0.7449025972499445,
    0.6756071885466008,
    0.6916844192528835,
    0.7639016366255714,
    0.6802417007248832,
    0.7072331614704493,
    0.7415259267653723,
    0.6455715229113222,
    0.7709829161269163,
    0.7306894009177857,
    0.700269552997022,
    1.0,
    0.571959390407637,
    0.7913667569101642,
    0.6120756689888823,
    0.6607925706525529,
    0.6933165566916192,
    0.6993263215189076,
    0.6665424341341494,
    0.725413477168542,
    0.6440905156413199,
    0.5219135983800991,
    0.6936743374274715,
    0.601999007338581,
    0.7503469662085587,
    0.7157410577221572,
    0.5453422172096708,
    0.7669994739971866,
    0.6319525645636055,
    0.7977588881906241,
    0.558486806300077,
    0.7664376388525018,
    1.0,
    0.6978853072584852,
    0.7199912016878774,
    0.6040278704703872,
    0.7681934472431067,
    1.0,
    0.6974654121979215,
    0.62706708525011,
    0.7368497155751009,
    0.6757819033665391,
    0.6314481529881658,
    0.7251181966521968,
    0.5603927997950452,
    0.7156729239215555,
    0.5233060221679003,
    0.7702484183864412,
    0.5969185110863884,
    1.0,
    0.8125068949369876,
    0.603605767499207,
    0.7480486633187031,
    0.7572559593097814,
    0.7551841156364737,
    0.6344750553482927,
    1.0,
    0.6845237845695397,
    0.6912840055509838,
    1.0,
    0.649800358913527,
    0.676474543806532,
    0.7406883606835531,
    0.6214109346380461,
    0.6560745736712316,
    0.6219547236836137,
    1.0,
    0.7104169716459869,
    1.0,
    0.6743703632200387,
    1.0,
    1.0,
    1.0,
    0.6804077310263582,
    0.75597227780171,
    0.7977269558853004,
    0.7466488837263703,
    0.6054245056648524,
    0.688128111831885,
    0.6867414974609686
  ],