{
  "rounds": [
    1,
    2,
    3,
    4,
    5,
    6,
    7,
    8,
    9,
    10,
    12,
    13,
    14,
    15,
    16,
    17,
    18,
    19,
    20,
    21,
    22,
    23,
    24,
    25,
    26,
    27,
    28,
    29,
    30,
    31,
    32,
    33,
    34,
    35,
    36,
    37,
    38,
    42,
    43,
    44,
    45,
    46,
    47,
    48,
    49,
    50,
    51,
    52,
    53,
    54,
    55,
    56,
    58,
    59,
    61,
    62,
    63,
    64,
    65,
    66,
    67,
    68,
    69,
    70,
    71,
    72,
    73,
    74,
    75,
    76,
    77,
    78,
    79,
    80,
    81,
    82,
    83,
    84,
    85,
    86,
    87,
    88,
    90,
    91,
    92,
    93,
    94,
    95,
    96,
    97,
    98,
    99,
    100,
    101,
    102,
    103,
    104,
    105,
    106,
    107,
    108,
    109,
    110,
    111,
    112,
    113,
    114,
    115,
    116,
    117,
    118,
    119,
    120,
    121,
    122,
    123,
    124,
    125,
    126,
    127,
    128,
    129,
    130,
    131,
    132,
    133,
    134,
    135,
    136,
    137,
    138,
    139,
    140,
    141,
    142,
    143,
    144,
    145,
    146,
    147,
    148,
    150,
    151,
    152,
    153,
    154,
    155,
    156,
    158,
    159,
    160,
    161,
    162,
    163,
    164,
    165,
    166,
    168,
    169,
    170,
    171,
    172,
    173,
    174,
    175,
    176,
    177,
    178,
    179,
    180,
    181,
    182,
    183,
    184,
    185,
    186,
    187,
    188,
    189,
    191,
    192,
    194,
    195,
    196,
    198,
    199,
    200
  ],
  "mean_similarity": [
    0.3356470449907768,
    0.48177778388112613,
    0.46958048582215905,
    0.4869474358059628,
    0.461482461251059,
    0.4819422840539334,
    0.4902150531085708,
    0.44295510206169697,
    0.6389397511198697,
    0.4492533521934768,
    0.5459252174698641,
    0.5664500475722065,
    0.4978068185437718,
    0.5857502663979156,
    0.5499196099555139,
    0.5424836968128542,
    0.6059263933838916,
    0.502663567120422,
    0.5240461713480293,
    0.3678491488542447,
    0.49404028844188513,
    0.4212268174598802,
    0.5770363619554443,
    0.6410913686713711,
    0.5569022702194206,
    0.6304959994905915,
    0.5204621127324143,
    0.49510319199910774,
    0.44180303078765987,
    0.5905271321315896,
    0.5916249206010848,
    0.6025521419059032,
    0.6422701532555599,
    0.5619851110215622,
    0.5074634531442962,
    0.5409791924829034,
    0.5660920941742567,
    0.5895704603277084,
    0.4641040384234895,
    0.4673383837979303,
    0.6208864224470465,
    0.5813603903928792,
    0.6398334173000765,
    0.5525371812866794,
    0.6474877227751387,
    0.5684261930185633,
    0.6093991524574157,
    0.5236344975877176,
    0.6327336028937535,
    0.5824425277666275,
    0.715249383114234,
    0.6105369395309297,
    0.6504865567782919,
    0.6341239307998711,
    0.6117972819086981,
    0.6819483819674982,
    0.6542238188426995,
    0.5840419428756926,
    0.6935368758045602,
    0.5495860222912915,
    0.5989058106187621,
    0.6737229891879156,
    0.6431880505572143,
    0.5337519697726208,
    0.5187200423434756,
    0.4891912980534467,
    0.5325053953124722,
    0.575314478906597,
    0.634274256258338,
    0.5658656437837823,
    0.6558241772804981,
    0.6206327860694627,
    0.5065859413599877,
    0.5604750068626776,
    1.0,
    0.7519749628476875,
    1.0,
    0.6767937827340905,
    0.556289666681579,
    0.6517411804166384,
    0.6294303255646416,
    0.6006599629950484,
    0.5963498109541226,
    0.7081909368359987,
    0.6658527078557851,
    0.6427529267031761,
    1.0,
    0.6594660880567575,
    0.6776215582551509,
    0.6026249564867622,
    0.764779655047532,
    0.7179156005312195,
    0.6235745845842843,
    0.6438540327841403,
    0.6563900574514642,
    0.6160395105774777,
    0.5453820005743054,
    0.6107391835158478,
    0.6678388695132639,
    0.795475712255763,
    0.7028657492783636,
    0.6786134331124133,
    0.6695029556157185,
    0.6299418922809401,
    0.5821615093220568,
    0.765270719994744,
    1.0,
    0.6118110416092267,
    0.6956902866611632,
    0.6690490224906341,
    0.7293665444634663,
    0.6522552652179862,
    0.7263676591531453,
    1.0,
    0.6440383534957915,
    0.6739158024195815,
    0.7521363422114686,
    0.6341370663700051,
    1.0,
    0.6732096151708635,
    0.6479556510019413,
    0.6321198662885478,
    0.725548936969409,
    0.6669815205973121,
    0.6625434307758987,
    1.0,
    0.6453068871878819,
    0.5534623121871656,
    0.6580762599560586,
    0.6552347365808018,
    0.694924267064929,
    0.5312963294023065,
    0.5954915894954713,
    0.5603518036904448,
    0.6135670326089847,
    0.6899865040275052,
    1.0,
    0.6903502089455849,
    0.6529059098675187,
    0.5845377722437326,
    1.0,
    0.6552916468020887,
    0.6062552159722449,
    0.6668816756668255,
    1.0,
    0.665643561972228,
    0.6718010883498443,
    0.5992818239197174,
    1.0,
    0.7656451233035172,
    1.0,
    0.6644345354760822,
    0.6719571386346266,
    0.7571773483013745,
    0.6890286945168024,
    0.7312397926573249,
    0.6830007744976224,
    0.6844310588106587,
    0.6618594861557338,
    0.6054148205221117,
    1.0,
    1.0,
    0.5417732904661973,
    0.582823985561493,
    0.7449638279645298,
    1.0,
    0.6243476694864483,
    1.0,
    1.0,
    0.6314484307940764,
    0.6053789330039306,
    0.6995822964506845,
    0.5732577209495329,
    1.0,
    0.6208596829815096,
    0.784510441837088,
    0.8052917824500228,
    0.7042633285239956,
    0.5276345768250124,
    0.7840460506131587,
    0.6491842671942596,
    0.594421443827345,
    0.6939964221259365,
    1.0,
    0.6568479425737899,
    0.7563316813810859,
    0.5709550684113067
  ],