{
  "rounds": [
    1,
    2,
    3,
    4,
    5,
    6,
    7,
    8,
    9,
    10,
    11,
    12,
    13,
    14,
    15,
    16,
    17,
    18,
    19,
    20,
    21,
    22,
    23,
    24,
    25,
    26,
    27,
    28,
    29,
    30,
    31,
    32,
    33,
    34,
    35,
    36,
    37,
    38,
    39,
    40,
    41,
    42,
    43,
    44,
    45,
    46,
    47,
    48,
    49,
    50,
    51,
    52,
    53,
    54,
    55,
    56,
    57,
    58,
    60,
    61,
    62,
    63,
    64,
    65,
    66,
    67,
    68,
    69,
    70,
    71,
    72,
    73,
    74,
    75,
    76,
    77,
    78,
    79,
    80,
    81,
    82,
    83,
    84,
    85,
    86,
    87,
    88,
    89,
    90,
    91,
    92,
    93,
    94,
    95,
    96,
    97,
    98,
    99,
    100,
    101,
    102,
    103,
    104,
    105,
    106,
    107,
    109,
    110,
    111,
    112,
    113,
    114,
    115,
    116,
    117,
    118,
    119,
    120,
    121,
    122,
    123,
    124,
    125,
    126,
    127,
    128,
    129,
    130,
    131,
    132,
    133,
    134,
    135,
    136,
    137,
    138,
    140,
    141,
    142,
    143,
    144,
    145,
    146,
    147,
    148,
    149,
    150,
    151,
    152,
    153,
    154,
    155,
    156,
    157,
    158,
    160,
    161,
    162,
    163,
    164,
    166,
    167,
    168,
    169,
    170,
    171,
    172,
    173,
    174,
    175,
    176,
    177,
    178,
    179,
    180,
    181,
    182,
    183,
    185,
    187,
    188,
    189,
    190,
    191,
    192,
    193,
    195,
    196,
    197,
    198,
    199,
    200
  ],
  "mean_similarity": [
    0.5065228825955456,
    0.5016371742827139,
    0.3578627135775447,
    0.46182472124053414,
    0.44855366133965746,
    0.4488864169877986,
    0.379820452735625,
    0.4213630943788706,
    0.512370762312481,
    0.5723108046202161,
    0.5192805756888355,
    0.5467845874582026,
    0.4402190838616278,
    0.5671871231503881,
    0.4922437385974443,
    0.5414132309831742,
    0.3586250086542136,
    0.512029362622391,
    0.5156945781363402,
    0.48061296821951355,
    0.4811055985512742,
    0.4409944969020869,
    0.3779568134003368,
    0.5479664811871998,
    0.5827453396582558,
    0.48479824100855934,
    0.4610449696313499,
    0.5836723445351588,
    0.5278916593233521,
    0.514881519713917,
    0.4478234332838687,
    0.4959549257988341,
    0.6038543795127597,
    0.4642145852571088,
    0.49706516800575834,
    0.46705134883713073,
    0.6119842544945922,
    0.4714288892625984,
    0.4356636430969165,
    0.4845362294277297,
    0.42991422337410434,
    0.4538817477378375,
    0.4366712754267138,
    0.5151081370812666,
    0.5362224242115572,
    0.4148060654565418,
    0.4896186844889373,
    0.5002466544717694,
    0.5000295876588875,
    0.5094480363557373,
    0.670049192494426,
    0.5208464521353242,
    0.5059866953903966,
    0.46924031402617017,
    0.5334892889346493,
    0.4927685635643728,
    0.6252499328742768,
    0.4489124504923746,
    0.46318722899689146,
    0.46278498438936955,
    0.5048097800983307,
    0.6082417028707097,
    0.5842713096664345,
    0.5662084748527502,
    0.5113485173729873,
    0.5898888552751334,
    0.5353109463880409,
    0.49820171588860546,
    0.5284451397556853,
    0.385387143637713,
    0.5783344260179262,
    0.5107890869562017,
    0.43455887671973,
    0.5503742437296922,
    0.4747519762581053,
    0.4973794828468144,
    0.4901516847977618,
    0.5331963992454062,
    0.4394709243215198,
    0.5312020735732924,
    0.4324575575799862,
    0.48531696930664725,
    0.570090793192836,
    0.5750675646882292,
    0.5774736059383431,
    0.48305786565659475,
    0.6054811979298764,
    0.6469684214940087,
    0.5618490037815216,
    0.6227227197773672,
    0.4655579369825359,
    0.47781071655417257,
    0.540022811114208,
    0.5742799292479419,
    0.5241318607232835,
    0.5441451361362639,
    0.492893059287738,
    0.5770023698248631,
    0.5496482234360609,
    0.6410540711981441,
    0.5392802875721779,
    0.5841005318390323,
    0.5097108846884725,
    0.6194243253093428,
    0.4976076357856192,
    0.5377468764337948,
    0.5781785759722631,
    0.5034707626889421,
    0.511101169030317,
    0.521045956077785,
    0.8062556994710448,
    0.46168446311996697,
    0.5954002157477475,
    0.5205203389109982,
    0.5415605509995749,
    0.5824522963120756,
    0.5314730883643783,
    0.5882197616545783,
    0.45323152335112715,
    0.6155597962733514,
    0.693830316627749,
    0.6211396119060497,
    0.6564431870003308,
    0.5782856664465489,
    0.5901936706936229,
    0.5883156352259118,
    0.6512115904448361,
    0.5052466553557771,
    0.7078075662300239,
    0.5014834959154536,
    0.49008716086831666,
    0.5711271165267765,
    0.578581304860902,
    0.558768515216385,
    0.6899569058206477,
    0.5922692525232464,
    0.5750522131011079,
    0.5444772086402294,
    0.5239023869689915,
    0.5829085222528639,
    0.7082289409811705,
    0.744762754038225,
    0.5424356031609646,
    0.6905191433600503,
    0.5348147236370281,
    0.6495142811342397,
    0.6141422341678097,
    0.49638429053488,
    0.5754728822651511,
    0.6425650659461262,
    0.5375122282925576,
    0.6126696705843145,
    0.665893908898568,
    0.6352544318937431,
    0.6747196671519963,
    0.6215745550998296,
    0.47615071938476516,
    0.644436739783178,
    0.6765439075154962,
    0.5298784020383183,
    0.5874131788780701,
    0.6969295688489715,
    0.5672780941442738,
    0.5106805647644707,
    0.6180529166013651,
    0.640561363898652,
    0.5428316003343671,
    0.593766670868551,
    0.7396554352128425,
    0.6792589592083603,
    0.5353388747864134,
    0.6098312863774901,
    0.5479409563204444,
    0.5433736097425963,
    0.7422173486661975,
    0.5798926280291966,
    0.6182653937068839,
    0.679277084411616,
    0.604005716927163,
    1.0,
    0.6706962904992508,
    0.5482482939438567,
    0.6317799544781516,
    0.6244677625527616,
    0.6047492880191635,
    0.5456023816296754,
    0.629757870625405,
    0.4550068398504196,
    0.5183070974871113,
    0.6418592800171153,
    0.6555018633945785,
    0.5780094995011955
  ],