{
  "rounds": [
    1,
    2,
    3,
    4,
    5,
    6,
    7,
    8,
    9,
    10,
    11,
    12,
    13,
    14,
    15,
    16,
    17,
    18,
    19,
    20,
    21,
    23,
    24,
    25,
    26,
    27,
    28,
    29,
    30,
    31,
    32,
    33,
    34,
    37,
    40,
    41,
    42,
    43,
    44,
    45,
    46,
    47,
    48,
    49,
    50,
    51,
    52,
    53,
    54,
    55,
    56,
    57,
    58,
    59,
    62,
    63,
    64,
    65,
    66,
    67,
    68,
    69,
    70,
    71,
    72,
    73,
    74,
    75,
    76,
    77,
    79,
    80,
    81,
    82,
    83,
    84,
    85,
    86,
    87,
    88,
    89,
    91,
    92,
    94,
    95,
    96,
    97,
    99,
    100,
    101,
    102,
    103,
    104,
    105,
    106,
    107,
    108,
    109,
    110,
    112,
    113,
    115,
    116,
    117,
    118,
    119,
    121,
    122,
    123,
    125,
    126,
    127,
    128,
    129,
    130,
    132,
    133,
    134,
    135,
    136,
    137,
    138,
    139,
    140,
    141,
    142,
    143,
    144,
    145,
    146,
    147,
    148,
    149,
    150,
    151,
    152,
    154,
    155,
    156,
    157,
    158,
    159,
    160,
    161,
    163,
    164,
    166,
    167,
    168,
    169,
    170,
    172,
    174,
    175,
    176,
    177,
    179,
    180,
    181,
    182,
    183,
    184,
    185,
    187,
    188,
    189,
    190,
    191,
    192,
    193,
    194,
    195,
    196,
    197,
    198,
    200
  ],
  "mean_similarity": [
    0.4051731672584481,
    0.3857178021792184,
    0.4333891049735218,
    0.5333825890695719,
    0.5376902627569944,
    0.39374865743370313,
    0.4923714288357415,
    0.3946625765954883,
    0.4091056397508883,
    0.46456444878945086,
    0.4969691816791059,
    0.4694199844413083,
    0.4251965337187912,
    0.5959543169037907,
    0.44109111961153835,
    0.7353756392284835,
    0.4518374832457367,
    0.605559817641342,
    0.5926338952216607,
    0.4367202121628515,
    0.5200193589324162,
    0.6310196554772589,
    0.5115870659980445,
    0.5489006515294839,
    0.417417044094056,
    0.598471154328003,
    0.5828494440742255,
    0.5137610207389992,
    0.5247998096947585,
    0.5488102601579192,
    0.5740667874967705,
    0.5441480931646899,
    0.5707227684245829,
    0.42126280244594605,
    0.38307470653399267,
    0.5953222297585237,
    0.5546840541900303,
    0.5221709957301383,
    0.3861137384398468,
    0.47603124852312373,
    0.5392281962244719,
    0.5172592516507409,
    0.5749540704630794,
    0.5848248260221991,
    0.6051068486657988,
    0.5009162245845982,
    0.6402783632841732,
    0.6240975358136056,
    0.5817482722125797,
    0.42955363761197995,
    0.5728873570633345,
    0.4764889019546442,
    0.5961259011197902,
    0.5721700961156739,
    0.5581971014738355,
    0.4812321957648473,
    0.5702372825641999,
    0.5514070477791779,
    0.5270624498444306,
    0.45486634797129116,
    0.558902469928249,
    0.5446863110494743,
    0.7369741717689489,
    0.6093180999654122,
    0.37331501796375915,
    0.6106343300306493,
    0.5709675398593357,
    0.4804313473543151,
    0.631112576227386,
    0.6311102205824749,
    0.6308147826052849,
    0.49376697700312816,
    0.7139506942585695,
    0.5781539721440033,
    0.5228472281051366,
    0.5824611982453235,
    0.7480860904939358,
    0.6143362012125475,
    0.5391258512500682,
    0.6516770012207458,
    0.6124578323397736,
    0.5776049198936676,
    1.0,
    0.5395466042558891,
    0.6229723992561369,
    0.6188123670219401,
    0.6743308860037184,
    0.5165914842763835,
    0.660215906186394,
    0.7133019737543772,
    0.6776579385738378,
    0.6276379932930646,
    0.6121616655002574,
    0.7011602192826984,
    0.7849358942923526,
    0.7274332529569044,
    0.7334720876684577,
    0.680531323685492,
    0.7001810858424716,
    0.6425860008352163,
    0.7826708394842918,
    0.6250116345196391,
    1.0,
    0.6505773046462576,
    0.6135769186352871,
    1.0,
    0.7835264895590431,
    0.5347236493001252,
    1.0,
    0.8166491674467515,
    0.47714998043092055,
    1.0,
    0.6385807243612224,
    1.0,
    1.0,
    0.6283504935511305,
    0.6057470084633062,
    0.5595043028665819,
    1.0,
    0.7260053994688983,
    0.6136308637793532,
    0.6450988938711472,
    0.7341687729236616,
    0.6581760494934213,
    0.608650869254976,
    0.680346985310624,
    0.6487393391948251,
    1.0,
    0.6598163237649063,
    0.7608977927536493,
    0.7141715964998577,
    0.69787833481205,
    0.6551572037634054,
    0.5926457861462306,
    0.6916719275240615,
    1.0,
    0.7981023610963802,
    0.659708127031747,
    1.0,
    0.8017689875786189,
    0.5603918087034838,
    0.6202616106611653,
    0.5501479150159061,
    0.6353536340731905,
    0.6145030511873943,
    1.0,
    0.6293527997665791,
    1.0,
    1.0,
    0.6565145544407925,
    0.6234852927069525,
    1.0,
    0.6128221440033625,
    0.6230768107005765,
    0.5856527615315309,
    1.0,
    1.0,
    1.0,
    0.7519192580148966,
    0.74210110096894,
    0.6469859959227088,
    0.0,
    0.6619830899408672,
    0.6958120674259888,
    0.692902925814058,
    1.0,
    0.5810345425452347,
    1.0,
    0.6119016240694736,
    0.5770838841434182,
    0.7572635416344166,
    0.6376582664591803,
    0.7623359356130001,
    1.0,
    1.0,
    1.0
  ],